email,password,name,role,company,avatar
admin.tunisia@email.com,admin123,Admin Tunisia,admin,Tunisian ERP,
ghomrassi.lamia@gmail.com,azerty123,LAMIA GHOMRASSI,client,PERSONNE PHYSIQUE,
mahaeltaieff@gmail.com,azerty123,CHIFA ELTAIF,client,PERSONNE PHYSIQUE,
soumaya.orthoptie@gmail.com,azerty123,SOUMAYA AMARA,client,PERSONNE PHYSIQUE,
contact@international-training-center.com,azerty123,ITC,client,PERSONNE MORALE,
maherkachour1986@gmail.com,azerty123,PLANET TEXTILE,client,PERSONNE MORALE,
ad.atr2020@gmail.com,azerty123,ATR,client,PERSONNE MORALE,
mohsengharsallah@tipcs.org,azerty123,TIPCS,client,PERSONNE MORALE,
hotelcorniche.monastir@gmail.com,azerty123,HSD,client,PERSONNE MORALE,
